{
  "features": "Age + RFV only",
  "n_features": 43,
  "selected_features": [
    "age",
    "rfv1_emb_0",
    "rfv1_emb_1",
    "rfv1_emb_2",
    "rfv1_emb_3",
    "rfv1_emb_4",
    "rfv1_emb_5",
    "rfv1_emb_6",
    "rfv1_emb_7",
    "rfv1_emb_8",
    "rfv1_emb_9",
    "rfv1_emb_10",
    "rfv1_emb_11",
    "rfv1_emb_12",
    "rfv1_emb_13",
    "rfv1_emb_14",
    "rfv1_emb_15",
    "rfv1_emb_16",
    "rfv1_emb_17",
    "rfv1_emb_18",
    "rfv1_emb_19",
    "rfv2_emb_0",
    "rfv2_emb_1",
    "rfv2_emb_2",
    "rfv2_emb_3",
    "rfv2_emb_4",
    "rfv2_emb_5",
    "rfv2_emb_6",
    "rfv2_emb_7",
    "rfv2_emb_8",
    "rfv2_emb_9",
    "rfv2_emb_10",
    "rfv2_emb_11",
    "rfv2_emb_12",
    "rfv2_emb_13",
    "rfv2_emb_14",
    "rfv2_emb_15",
    "rfv2_emb_16",
    "rfv2_emb_17",
    "rfv2_emb_18",
    "rfv2_emb_19",
    "rfv1_3d",
    "rfv2_3d"
  ],
  "models": {
    "LogisticRegression": {
      "accuracy": 0.36392782582761707,
      "macro_f1": 0.3000366937755903,
      "weighted_f1": 0.39467806947926054,
      "auroc": 0.675022277644148,
      "severity_1_recall": 0.13136729222520108,
      "training_time": 2.548685312271118
    },
    "RandomForest": {
      "accuracy": 0.46219803161348044,
      "macro_f1": 0.34629040159067725,
      "weighted_f1": 0.47376449372532975,
      "auroc": 0.6771214646127426,
      "severity_1_recall": 0.08579088471849866,
      "training_time": 20.633841514587402
    },
    "XGBoost": {
      "accuracy": 0.04171637339695795,
      "macro_f1": 0.016018323014708513,
      "weighted_f1": 0.003341131720373327,
      "auroc": 0.6085008152309767,
      "severity_1_recall": 1.0,
      "training_time": 4.805884838104248
    },
    "LightGBM": {
      "accuracy": 0.06058007754249926,
      "macro_f1": 0.06565820649735389,
      "weighted_f1": 0.0314527053697743,
      "auroc": 0.6704881143994255,
      "severity_1_recall": 0.9338695263628239,
      "training_time": 12.697163343429565
    }
  },
  "best_accuracy": "RandomForest",
  "best_f1": "RandomForest"
}