{
  "features": "Age + RFV + Vitals",
  "n_features": 52,
  "selected_features": [
    "age",
    "rfv1_emb_0",
    "rfv1_emb_1",
    "rfv1_emb_2",
    "rfv1_emb_3",
    "rfv1_emb_4",
    "rfv1_emb_5",
    "rfv1_emb_6",
    "rfv1_emb_7",
    "rfv1_emb_8",
    "rfv1_emb_9",
    "rfv1_emb_10",
    "rfv1_emb_11",
    "rfv1_emb_12",
    "rfv1_emb_13",
    "rfv1_emb_14",
    "rfv1_emb_15",
    "rfv1_emb_16",
    "rfv1_emb_17",
    "rfv1_emb_18",
    "rfv1_emb_19",
    "rfv2_emb_0",
    "rfv2_emb_1",
    "rfv2_emb_2",
    "rfv2_emb_3",
    "rfv2_emb_4",
    "rfv2_emb_5",
    "rfv2_emb_6",
    "rfv2_emb_7",
    "rfv2_emb_8",
    "rfv2_emb_9",
    "rfv2_emb_10",
    "rfv2_emb_11",
    "rfv2_emb_12",
    "rfv2_emb_13",
    "rfv2_emb_14",
    "rfv2_emb_15",
    "rfv2_emb_16",
    "rfv2_emb_17",
    "rfv2_emb_18",
    "rfv2_emb_19",
    "rfv1_3d",
    "rfv2_3d",
    "pulse",
    "respiration",
    "sbp",
    "dbp",
    "o2_sat",
    "temp_c",
    "pain",
    "gcs",
    "on_oxygen"
  ],
  "models": {
    "LogisticRegression": {
      "accuracy": 0.3591186996719356,
      "macro_f1": 0.3008777989785774,
      "weighted_f1": 0.39206696929582907,
      "auroc": 0.6821487271160095,
      "severity_1_recall": 0.16353887399463807,
      "training_time": 2.799126148223877
    },
    "RandomForest": {
      "accuracy": 0.519236504622726,
      "macro_f1": 0.37005406990382206,
      "weighted_f1": 0.5160217239782627,
      "auroc": 0.707504942256574,
      "severity_1_recall": 0.06702412868632708,
      "training_time": 29.673345804214478
    },
    "XGBoost": {
      "accuracy": 0.04171637339695795,
      "macro_f1": 0.016018323014708513,
      "weighted_f1": 0.003341131720373327,
      "auroc": 0.5975417661424969,
      "severity_1_recall": 1.0,
      "training_time": 6.268707513809204
    },
    "LightGBM": {
      "accuracy": 0.08067402326274978,
      "macro_f1": 0.09449113380502515,
      "weighted_f1": 0.05417105324971884,
      "auroc": 0.6828294697006061,
      "severity_1_recall": 0.9142091152815014,
      "training_time": 18.832030534744263
    }
  },
  "best_accuracy": "RandomForest",
  "best_f1": "RandomForest"
}