{
  "Full_72": {
    "LogisticRegression": {
      "randomized_search": {
        "best_score": 0.38480251128645815,
        "best_params": {
          "tol": 0.01,
          "solver": "saga",
          "random_state": 42,
          "penalty": "l2",
          "n_jobs": -1,
          "max_iter": 3000,
          "class_weight": "balanced",
          "C": 0.01
        },
        "search_time": 42.74051642417908,
        "n_iter": 50
      },
      "validation": {
        "accuracy": 0.34144795705338504,
        "macro_f1": 0.29467695195742294,
        "weighted_f1": 0.3745424550307423,
        "cv_3fold_mean": 0.38480251128645815,
        "cv_3fold_std": 0.009210298402261457
      }
    },
    "RandomForest": {
      "randomized_search": {
        "best_score": 0.4930036801763296,
        "best_params": {
          "random_state": 42,
          "n_jobs": -1,
          "n_estimators": 300,
          "min_samples_split": 5,
          "min_samples_leaf": 2,
          "max_features": "sqrt",
          "max_depth": 25,
          "class_weight": "balanced"
        },
        "search_time": 235.9475712776184,
        "n_iter": 50
      },
      "validation": {
        "accuracy": 0.46633611691022964,
        "macro_f1": 0.3568567847696154,
        "weighted_f1": 0.47742655277855367,
        "cv_3fold_mean": 0.4930036801763296,
        "cv_3fold_std": 0.013520015692993274
      }
    },
    "XGBoost": {
      "randomized_search": {
        "best_score": 0.5458003237287716,
        "best_params": {
          "tree_method": "hist",
          "subsample": 0.8,
          "reg_lambda": 1.0,
          "reg_alpha": 0.5,
          "random_state": 42,
          "n_jobs": -1,
          "n_estimators": 400,
          "max_depth": 12,
          "learning_rate": 0.1,
          "eval_metric": "mlogloss",
          "colsample_bytree": 0.6
        },
        "search_time": 762.1713376045227,
        "n_iter": 50
      },
      "validation": {
        "accuracy": 0.5163659409484044,
        "macro_f1": 0.3454297890371893,
        "weighted_f1": 0.5012607800763237,
        "cv_3fold_mean": 0.5458003237287716,
        "cv_3fold_std": 0.0013600691286582687
      }
    },
    "LightGBM": {
      "randomized_search": {
        "best_score": 0.5435987232325444,
        "best_params": {
          "verbose": -1,
          "subsample": 1.0,
          "reg_lambda": 0,
          "reg_alpha": 1.0,
          "random_state": 42,
          "objective": "multiclass",
          "n_jobs": -1,
          "n_estimators": 300,
          "metric": "multi_logloss",
          "max_depth": 12,
          "learning_rate": 0.05,
          "colsample_bytree": 0.6
        },
        "search_time": 828.4762151241302,
        "n_iter": 50
      },
      "validation": {
        "accuracy": 0.519572025052192,
        "macro_f1": 0.3384831686365276,
        "weighted_f1": 0.50131473480736,
        "cv_3fold_mean": 0.5435987232325444,
        "cv_3fold_std": 0.005523824256211021
      }
    }
  },
  "Age_RFV_Vitals_52": {
    "LogisticRegression": {
      "randomized_search": {
        "best_score": 0.3584034693661508,
        "best_params": {
          "tol": 0.0001,
          "solver": "saga",
          "random_state": 42,
          "penalty": "l2",
          "n_jobs": -1,
          "max_iter": 5000,
          "class_weight": "balanced",
          "C": 0.01
        },
        "search_time": 6.293047189712524,
        "n_iter": 50
      },
      "validation": {
        "accuracy": 0.33641515061139277,
        "macro_f1": 0.28595018793459365,
        "weighted_f1": 0.37030203676992146,
        "cv_3fold_mean": 0.3584034693661508,
        "cv_3fold_std": 0.01227583694217913
      }
    },
    "RandomForest": {
      "randomized_search": {
        "best_score": 0.454404437239803,
        "best_params": {
          "random_state": 42,
          "n_jobs": -1,
          "n_estimators": 300,
          "min_samples_split": 5,
          "min_samples_leaf": 2,
          "max_features": null,
          "max_depth": 25,
          "class_weight": "balanced"
        },
        "search_time": 162.08291888237,
        "n_iter": 50
      },
      "validation": {
        "accuracy": 0.44881449448255295,
        "macro_f1": 0.3408424964322557,
        "weighted_f1": 0.461753711660343,
        "cv_3fold_mean": 0.454404437239803,
        "cv_3fold_std": 0.015960897794185518
      }
    },
    "XGBoost": {
      "randomized_search": {
        "best_score": 0.49620147999211683,
        "best_params": {
          "tree_method": "hist",
          "subsample": 0.8,
          "reg_lambda": 0,
          "reg_alpha": 0,
          "random_state": 42,
          "n_jobs": -1,
          "n_estimators": 300,
          "max_depth": 8,
          "learning_rate": 0.05,
          "eval_metric": "mlogloss",
          "colsample_bytree": 0.6
        },
        "search_time": 601.4039642810822,
        "n_iter": 50
      },
      "validation": {
        "accuracy": 0.4841186996719356,
        "macro_f1": 0.34089015319279153,
        "weighted_f1": 0.4805131373625135,
        "cv_3fold_mean": 0.49620147999211683,
        "cv_3fold_std": 0.007510532325147706
      }
    },
    "LightGBM": {
      "randomized_search": {
        "best_score": 0.5034014805682321,
        "best_params": {
          "verbose": -1,
          "subsample": 0.6,
          "reg_lambda": 0,
          "reg_alpha": 0,
          "random_state": 42,
          "objective": "multiclass",
          "n_jobs": -1,
          "n_estimators": 500,
          "metric": "multi_logloss",
          "max_depth": 10,
          "learning_rate": 0.1,
          "colsample_bytree": 0.8
        },
        "search_time": 767.5098912715912,
        "n_iter": 50
      },
      "validation": {
        "accuracy": 0.4801670146137787,
        "macro_f1": 0.32663914535775107,
        "weighted_f1": 0.4723284953346513,
        "cv_3fold_mean": 0.5034014805682321,
        "cv_3fold_std": 0.005589230097622838
      }
    }
  }
}