{
  "validation": {
    "Logistic Regression": {
      "accuracy": 0.21928124067998808,
      "macro_f1": 0.09660277213088406,
      "auroc": 0.5382705808706475,
      "esi_1_recall": 0.4326241134751773
    },
    "Random Forest": {
      "accuracy": 0.5332165225171488,
      "macro_f1": 0.27145953554509167,
      "auroc": 0.7182392340562945,
      "esi_1_recall": 0.09574468085106383
    },
    "XGBoost": {
      "accuracy": 0.5117059349835967,
      "macro_f1": 0.310211194476199,
      "auroc": 0.7413678140492274,
      "esi_1_recall": 0.20212765957446807
    }
  },
  "test": {
    "Logistic Regression": {
      "accuracy": 0.21942218080149115,
      "macro_f1": 0.09815020630338207
    },
    "Random Forest": {
      "accuracy": 0.5351351351351351,
      "macro_f1": 0.26476879856768487
    },
    "XGBoost": {
      "accuracy": 0.5140726933830382,
      "macro_f1": 0.31408782192861556
    }
  }
}